{"assets/fonts/Luna.ttf":["assets/fonts/Luna.ttf"],"assets/images/BACKGROUND2.png":["assets/images/BACKGROUND2.png"],"assets/images/b1.png":["assets/images/b1.png"],"assets/images/background.png":["assets/images/background.png"],"assets/images/background3.png":["assets/images/background3.png"],"assets/images/extra1.jpg":["assets/images/extra1.jpg"],"assets/images/logo.png":["assets/images/logo.png"],"assets/images/logo2.png":["assets/images/logo2.png"],"assets/images/logo22.png":["assets/images/logo22.png"],"assets/images/logo23.png":["assets/images/logo23.png"],"assets/images/logo2N.png":["assets/images/logo2N.png"],"packages/cupertino_icons/assets/CupertinoIcons.ttf":["packages/cupertino_icons/assets/CupertinoIcons.ttf"],"packages/flutter_map/lib/assets/flutter_map_logo.png":["packages/flutter_map/lib/assets/flutter_map_logo.png"],"pro.env":["pro.env"]}